time, angle
6, 158
10, 158
17, 149
21, 146
26, 145
29, 143
31, 143
34, 142
38, 140
42, 139
47, 137
50, 136
56, 134
60, 133
64, 131
68, 129
70, 128
78, 124
85, 121
88, 121
95, 117
98, 116
108, 112
115, 108
118, 106
126, 102
128, 102
132, 101
135, 98
140, 97
149, 90
162, 84
168, 82
171, 80
177, 78
184, 74
195, 68
198, 65
202, 63
207, 61
211, 59
217, 57
222, 55
230, 50
238, 46
247, 40
249, 40
254, 38
259, 36
264, 32
269, 30
272, 28
280, 24
285, 22
289, 20
297, 16
301, 14
305, 12
309, 10
312, 10
319, 6
326, 4
329, 2
335, -1
367, -13
368, -13
371, -13
375, -16
377, -18
381, -20
384, -20
387, -21
390, -23
392, -23
398, -25
402, -26
405, -28
412, -30
421, -33
424, -33
433, -35
439, -38
444, -39
446, -39
450, -40
452, -40
459, -43
468, -44
476, -46
478, -46
487, -48
492, -49
500, -51
504, -51
507, -51
511, -51
516, -53
522, -53
527, -54
530, -54
538, -54
543, -54
547, -54
554, -54
560, -54
562, -54
567, -54
576, -53
579, -53
585, -52
588, -52
597, -51
600, -51
607, -50
609, -50
611, -50
620, -49
623, -49
628, -48
632, -47
640, -46
642, -46
647, -45
648, -45
650, -45
656, -43
664, -41
668, -40
670, -40
680, -37
689, -34
696, -33
698, -33
709, -29
712, -27
716, -27
719, -25
727, -23
731, -21
736, -19
738, -19
740, -19
749, -17
760, -11
767, -9
769, -6
774, -6
777, -3
779, -3
785, 0
788, 2
824, 18
828, 20
837, 24
839, 26
841, 26
846, 29
848, 31
855, 35
861, 37
866, 39
870, 41
874, 43
880, 47
885, 49
894, 54
897, 56
901, 58
908, 63
912, 64
917, 67
920, 69
926, 71
932, 73
937, 77
942, 79
947, 81
949, 83
955, 85
960, 87
966, 91
971, 93
975, 96
981, 100
984, 102
989, 104
997, 107
1005, 111
1007, 111
1015, 115
1018, 117
1027, 120
1030, 122
1032, 122
1037, 125
1045, 129
1047, 129
1049, 131
1056, 132
1059, 134
1063, 135
1067, 137
1070, 139
1072, 139
1080, 141
1084, 143
1087, 145
1088, 145
1095, 147
1102, 150
1105, 150
1109, 152
1111, 152
1117, 155
1120, 155
1126, 157
1129, 158
1132, 158
1140, 160
1142, 161
1156, 164
1160, 165
1164, 166
1168, 167
1177, 169
1179, 169
1183, 169
1187, 169
1190, 170
1192, 170
1198, 170
1200, 171
1203, 171
1207, 173
1214, 173
1221, 173
1225, 173
1232, 173
1240, 174
1242, 174
1249, 175
1251, 175
1256, 174
1259, 174
1265, 174
1268, 174
1270, 174
1277, 173
1281, 173
1287, 172
1292, 172
1296, 171
1298, 171
1302, 171
1305, 170
1310, 169
1312, 169
1317, 169
1320, 168
1327, 166
1335, 164
1338, 164
1340, 163
1345, 162
1348, 161
1355, 159
1359, 158
1361, 158
1368, 156
1375, 153
1377, 153
1385, 151
1388, 150
1395, 147
1399, 146
1401, 146
1405, 145
1408, 143
1416, 141
1418, 141
1425, 137
1427, 136
1429, 136
1439, 131
1442, 131
1449, 128
1451, 127
1458, 125
1460, 123
1462, 123
1467, 120
1469, 120
1475, 116
1477, 116
1482, 115
1485, 112
1491, 109
1495, 107
1498, 107
1506, 103
1508, 102
1510, 102
1518, 98
1521, 95
1524, 93
1529, 92
1533, 90
1537, 88
1540, 86
1545, 84
1554, 80
1561, 76
1564, 73
1566, 73
1570, 71
1572, 69
1580, 65
1588, 61
1590, 61
1597, 57
1599, 57
1604, 55
1606, 52
1611, 50
1620, 46
1622, 46
1627, 41
1632, 39
1637, 37
1641, 35
1644, 33
1648, 31
1652, 29
1657, 27
1658, 27
1661, 25
1668, 22
1672, 20
1676, 18
1680, 16
1688, 12
1690, 12
1696, 10
1698, 8
1704, 6
1707, 6
1710, 3
1713, 1
1718, 1
1722, -1
1754, -13
1757, -13
1759, -15
1762, -18
1766, -20
1768, -20
1770, -20
1775, -22
1777, -22
1781, -24
1783, -24
1790, -28
1792, -28
1797, -30
1805, -32
1807, -32
1809, -34
1813, -34
1817, -35
1821, -37
1825, -38
1827, -38
1829, -38
1834, -39
1837, -41
1842, -41
1851, -43
1855, -44
1858, -44
1860, -46
1867, -47
1872, -47
1875, -47
1881, -48
1883, -49
1887, -49
1891, -50
1896, -50
1898, -50
1904, -50
1907, -51
1914, -52
1917, -52
1921, -52
1924, -53
1930, -53
1932, -53
1938, -53
1941, -53
1946, -53
1948, -53
1957, -52
1961, -52
1970, -51
1977, -51
1984, -50
1987, -49
1988, -49
1994, -49
2001, -48
2004, -47
2008, -46
2010, -46
2014, -45
2017, -45
2021, -44
2024, -44
2031, -42
2037, -41
2038, -41
2045, -41
2049, -38
2051, -38
2057, -37
2059, -35
2067, -33
2068, -33
2075, -32
2077, -30
2079, -30
2084, -28
2086, -28
2091, -26
2097, -24
2104, -22
2106, -22
2109, -20
2116, -17
2119, -17
2125, -15
2128, -12
2134, -12
2138, -10
2140, -10
2146, -7
2148, -7
2150, -7
2154, -3
2159, 0
2162, 2
2198, 16
2201, 16
2205, 16
2207, 16
2209, 16
2213, 24
2216, 26
2219, 28
2222, 28
2226, 30
2229, 32
2231, 35
2237, 36
2241, 38
2246, 40
2251, 42
2253, 44
2260, 49
2262, 49
2268, 51
2270, 53
2275, 55
2277, 58
2285, 62
2291, 62
2297, 67
2300, 67
2304, 70
2310, 74
2312, 74
2320, 77
2324, 80
2327, 82
2331, 84
2334, 85
2340, 88
2342, 89
2356, 95
2364, 99
2370, 103
2372, 103
2378, 107
2380, 107
2387, 110
2389, 112
2396, 114
2399, 114
2405, 119
2412, 121
2415, 122
2419, 124
2423, 125
2428, 128
2430, 129
2436, 130
2441, 132
2448, 135
2451, 136
2455, 138
2458, 139
2464, 141
2468, 142
2470, 143
2472, 143
2477, 145
2484, 147
2487, 149
2495, 151
2502, 153
2507, 154
2512, 155
2517, 157
2524, 158
2527, 160
2531, 160
2534, 160
2538, 162
2541, 162
2548, 163
2555, 165
2564, 166
2567, 167
2571, 167
2574, 167
2578, 168
2581, 168
2587, 169
2590, 169
2595, 169
2597, 169
2601, 170
2611, 170
2615, 170
2618, 170
2622, 171
2627, 171
2629, 171
2635, 171
2639, 171
2646, 171
2649, 171
2651, 171
2657, 170
2662, 170
2666, 170
2674, 169
2679, 169
2681, 169
2687, 168
2691, 168
2695, 166
2698, 165
2704, 164
2709, 164
2711, 163
2715, 162
2719, 161
2729, 159
2732, 158
2737, 157
2740, 156
2747, 153
2749, 153
2763, 150
2766, 149
2770, 148
2772, 146
2778, 145
2786, 143
2788, 141
2796, 139
2798, 139
2801, 137
2804, 136
2812, 133
2815, 133
2820, 130
2827, 128
2829, 127
2832, 125
2837, 123
2839, 123
2846, 120
2849, 118
2854, 116
2857, 115
2865, 111
2871, 110
2874, 108
2878, 106
2881, 104
2886, 103
2891, 100
2895, 99
2897, 96
2901, 95
2907, 93
2910, 91
2917, 87
2919, 87
2929, 81
2935, 79
2937, 77
2941, 75
2943, 75
2949, 71
2951, 71
2957, 67
2959, 67
2967, 63
2969, 61
2971, 61
2975, 59
2979, 57
2984, 54
2989, 52
2992, 50
2995, 48
3002, 45
3008, 43
3011, 41
3016, 39
3022, 37
3026, 33
3028, 33
3032, 31
3035, 29
3038, 29
3041, 26
3047, 24
3049, 22
3055, 20
3059, 18
3068, 14
3070, 14
3074, 12
3077, 9
3081, 9
3088, 5
3092, 5
3097, 2
3099, 0
3105, -2
3137, -15
3139, -15
3144, -17
3147, -17
3150, -19
3157, -21
3160, -21
3164, -23
3169, -25
3171, -25
3181, -29
3184, -29
3188, -31
3190, -31
3196, -32
3198, -34
3200, -34
3205, -36
3211, -37
3214, -37
3219, -38
3226, -40
3227, -40
3230, -41
3235, -42
3237, -42
3244, -43
3248, -45
3250, -45
3255, -45
3261, -46
3264, -46
3267, -47
3276, -48
3279, -49
3281, -49
3287, -49
3289, -49
3294, -50
3297, -51
3303, -51
3305, -51
3313, -51
3316, -51
3324, -51
3327, -51
3329, -51
3331, -51
3337, -51
3341, -50
3345, -50
3349, -50
3358, -49
3360, -49
3362, -48
3369, -47
3376, -47
3380, -46
3382, -46
3387, -45
3392, -44
3397, -44
3399, -43
3401, -43
3407, -42
3414, -41
3418, -39
3420, -39
3425, -38
3428, -37
3439, -34
3442, -34
3446, -32
3452, -30
3456, -30
3459, -28
3461, -28
3468, -26
3477, -22
3479, -22
3484, -20
3486, -20
3492, -17
3495, -17
3501, -15
3503, -15
3508, -12
3510, -12
3515, -9
3518, -9
3522, -6
3526, -6
3531, -2
3535, 1
3564, 12
3567, 12
3570, 12
3572, 12
3577, 19
3581, 21
3586, 23
3588, 23
3596, 28
3598, 28
3606, 32
3608, 32
3616, 36
3618, 38
3622, 40
3628, 43
3631, 45
3636, 47
3639, 49
3646, 51
3649, 54
3652, 56
3659, 58
3662, 60
3667, 62
3669, 65
3677, 68
3679, 68
3686, 72
3692, 76
3696, 76
3700, 78
3702, 80
3707, 82
3710, 84
3717, 88
3719, 88
3728, 92
3731, 94
3735, 95
3741, 97
3744, 99
3751, 103
3754, 105
3757, 106
3759, 106
3765, 110
3767, 110
3770, 112
3781, 117
3784, 117
3789, 120
3792, 120
3796, 122
3799, 123
3807, 127
3808, 127
3814, 129
3821, 131
3824, 132
3831, 135
3839, 138
3844, 140
3848, 141
3851, 142
3856, 143
3858, 144
3860, 144
3866, 147
3872, 148
3875, 149
3880, 150
3887, 152
3888, 152
3895, 154
3897, 154
3904, 156
3907, 157
3911, 158
3915, 159
3919, 160
3925, 160
3929, 161
3935, 161
3937, 162
3941, 163
3946, 164
3952, 164
3962, 165
3967, 166
3975, 166
3977, 167
3979, 167
3985, 167
3987, 167
3995, 167
3997, 167
4001, 168
4004, 168
4008, 168
4017, 168
4020, 168
4024, 168
4029, 168
4033, 168
4038, 167
4041, 167
4046, 167
4053, 166
4056, 166
4060, 166
4063, 165
4070, 164
4072, 164
4079, 163
4084, 161
4087, 161
4092, 160
4096, 159
4102, 157
4105, 157
4112, 156
4117, 155
4124, 153
4127, 151
4129, 151
4135, 149
4138, 149
4142, 148
4149, 146
4152, 144
4156, 143
4158, 143
4167, 140
4172, 138
4176, 137
4179, 136
4187, 133
4190, 133
4194, 131
4200, 128
4203, 128
4208, 125
4211, 125
4215, 124
4221, 122
4225, 119
4228, 117
4233, 116
4236, 114
4241, 112
4246, 110
4250, 109
4258, 105
4260, 103
4266, 101
4271, 100
4275, 98
4279, 96
4282, 94
4287, 92
4290, 90
4297, 86
4304, 83
4306, 83
4313, 78
4318, 76
4320, 74
4322, 74
4330, 70
4334, 68
4337, 67
4345, 62
4347, 62
4351, 60
4354, 58
4367, 53
4369, 51
4374, 49
4377, 47
4381, 47
4384, 44
4388, 42
4396, 38
4398, 38
4403, 36
4406, 34
4409, 32
4413, 32
4422, 27
4436, 21
4438, 19
4440, 19
4447, 17
4461, 10
4475, 3
4477, 3
4483, -1
4511, -9
4516, -11
4518, -11
4522, -15
4525, -15
4528, -15
4531, -17
4538, -19
4541, -19
4550, -24
4554, -24
4556, -26
4562, -28
4564, -28
4569, -30
4573, -30
4577, -31
4584, -33
4587, -34
4588, -34
4592, -34
4600, -37
4602, -37
4607, -38
4610, -38
4614, -39
4617, -41
4620, -41
4622, -41
4626, -41
4632, -42
4636, -43
4644, -45
4651, -45
4654, -46
4657, -46
4661, -47
4664, -47
4667, -47
4671, -48
4676, -48
4677, -48
4684, -48
4687, -49
4692, -48
4700, -48
4704, -48
4706, -48
4710, -48
4712, -48
4717, -48
4719, -48
4725, -47
4727, -47
4731, -47
4738, -46
4740, -46
4744, -45
4750, -45
4752, -45
4761, -44
4768, -42
4778, -41
4780, -41
4784, -40
4787, -40
4789, -39
4792, -39
4799, -36
4807, -35
4809, -35
4811, -34
4815, -34
4818, -32
4820, -32
4825, -30
4832, -28
4835, -28
4840, -26
4847, -24
4850, -23
4854, -23
4857, -20
4861, -20
4864, -18
4868, -18
4875, -16
4879, -13
4884, -13
4886, -13
4893, -10
4897, -7
4905, -3
4907, -3
4914, 0
4920, 2
4955, 18
4958, 18
4961, 18
4965, 18
4968, 25
4970, 25
4974, 27
4977, 27
4979, 30
4982, 32
4985, 32
4987, 34
4992, 36
4997, 38
4999, 40
5005, 43
5007, 43
5011, 44
5014, 47
5018, 49
5023, 49
5028, 54
5035, 56
5041, 60
5045, 63
5047, 63
5050, 65
5058, 69
5060, 69
5065, 71
5071, 75
5074, 77
5078, 79
5080, 79
5086, 83
5088, 83
5096, 86
5100, 88
5104, 90
5108, 92
5118, 98
5120, 98
5126, 101
5128, 101
5135, 105
5137, 105
5140, 106
5147, 110
5152, 112
5166, 118
5168, 118
5172, 120
5176, 122
5182, 123
5185, 125
5191, 128
5196, 129
5198, 129
5205, 133
5209, 134
5212, 135
5216, 137
5221, 138
5224, 139
5230, 140
5232, 142
5240, 144
5244, 145
5246, 145
5250, 146
5254, 147
5260, 149
5262, 149
5273, 152
5278, 153
5282, 154
5286, 155
5293, 156
5297, 157
5299, 157
5305, 159
5307, 159
5315, 160
5319, 161
5321, 161
5327, 161
5328, 161
5335, 163
5337, 163
5342, 163
5347, 164
5349, 164
5352, 164
5357, 165
5364, 165
5368, 165
5375, 165
5377, 166
5385, 166
5387, 166
5391, 166
5394, 165
5399, 165
5401, 165
5406, 165
5408, 165
5414, 165
5418, 165
5425, 164
5432, 164
5435, 163
5439, 162
5446, 162
5448, 161
5457, 160
5464, 159
5466, 159
5469, 158
5472, 157
5477, 156
5480, 155
5482, 155
5489, 154
5493, 153
5496, 152
5503, 151
5505, 150
5509, 148
5512, 147
5519, 145
5524, 144
5528, 143
5531, 143
5534, 142
5540, 139
5547, 138
5554, 135
5566, 132
5571, 130
5577, 127
5581, 125
5585, 124
5592, 123
5595, 121
5598, 119
5603, 119
5607, 116
5610, 115
5615, 113
5618, 112
5625, 109
5628, 109
5630, 107
5634, 105
5639, 103
5643, 102
5652, 98
5655, 96
5659, 94
5668, 91
5671, 89
5679, 85
5682, 83
5691, 79
5693, 79
5698, 75
5700, 75
5702, 73
5707, 71
5709, 71
5714, 67
5719, 65
5721, 65
5730, 59
5732, 59
5737, 57
5739, 57
5742, 55
5751, 50
5755, 48
5761, 46
5764, 43
5769, 41
5775, 39
5778, 37
5780, 37
5785, 36
5788, 33
5795, 29
5799, 29
5802, 27
5808, 24
5815, 20
5818, 20
5825, 16
5829, 14
5831, 14
5834, 14
5839, 10
5845, 8
5847, 8
5849, 8
5855, 5
5861, 0
5866, 0
5870, -1
5899, -11
5901, -13
5905, -13
5908, -16
5910, -16
5915, -18
5917, -18
5921, -20
5924, -20
5928, -22
5935, -24
5938, -24
5940, -26
5947, -27
5949, -27
5955, -29
5957, -29
5962, -31
5968, -32
5973, -34
5976, -34
5979, -35
5986, -36
5988, -36
5996, -38
5998, -38
6000, -38
6006, -39
6010, -40
6012, -40
6018, -41
6020, -42
6026, -42
6029, -43
6037, -44
6038, -44
6042, -45
6046, -45
6049, -45
6051, -46
6058, -46
6065, -46
6068, -46
6077, -46
6079, -46
6082, -46
6089, -46
6093, -45
6097, -45
6104, -44
6107, -44
6108, -44
6112, -44
6120, -43
6122, -43
6130, -42
6132, -42
6136, -42
6140, -41
6144, -41
6146, -40
6150, -40
6160, -38
6165, -37
6167, -37
6169, -37
6174, -36
6180, -34
6183, -34
6189, -33
6191, -31
6199, -30
6203, -30
6209, -27
6212, -26
6217, -26
6219, -24
6227, -22
6229, -22
6234, -19
6240, -18
6242, -18
6248, -14
6251, -14
6256, -12
6258, -12
6264, -12
6267, -9
6269, -9
6274, -6
6277, -6
6284, -2
6287, 1
6318, 12
6320, 12
6325, 12
6327, 16
6332, 18
6335, 21
6339, 23
6341, 23
6344, 25
6347, 25
6349, 27
6353, 27
6367, 36
6370, 36
6372, 37
6377, 40
6380, 40
6385, 44
6393, 46
6397, 49
6400, 51
6402, 51
6406, 53
6408, 53
6414, 58
6416, 58
6425, 62
6427, 64
6432, 66
6436, 68
6438, 68
6445, 72
6449, 74
6453, 76
6458, 78
6461, 80
6466, 82
6469, 83
6476, 87
6478, 87
6484, 91
6486, 91
6494, 94
6497, 96
6501, 98
6506, 100
6508, 102
6510, 102
6515, 105
6518, 105
6524, 109
6527, 109
6535, 112
6538, 113
6543, 115
6548, 119
6550, 119
6556, 121
6559, 121
6567, 124
6569, 126
6571, 126
6582, 131
6589, 133
6591, 133
6598, 136
6601, 137
6605, 138
6607, 138
6615, 141
6617, 142
6624, 143
6635, 146
6639, 147
6641, 149
6644, 149
6647, 150
6652, 151
6657, 152
6659, 152
6666, 153
6668, 154
6670, 154
6675, 155
6677, 156
6691, 158
6694, 158
6698, 159
6702, 160
6706, 160
6709, 160
6712, 161
6719, 161
6724, 162
6728, 162
6730, 162
6736, 163
6739, 163
6749, 163
6757, 163
6761, 163
6769, 164
6777, 163
6778, 163
6781, 163
6785, 163
6792, 163
6795, 163
6800, 162
6802, 162
6806, 162
6810, 162
6812, 161
6819, 161
6821, 160
6826, 160
6829, 159
6834, 158
6837, 158
6842, 157
6845, 156
6850, 155
6857, 154
6861, 153
6866, 152
6868, 151
6870, 151
6880, 149
6884, 148
6888, 146
6895, 145
6899, 143
6902, 142
6905, 141
6911, 140
6915, 139
6920, 138
6922, 137
6928, 135
6931, 134
6936, 133
6938, 131
6946, 128
6948, 128
6952, 127
6955, 126
6959, 124
6962, 123
6969, 121
6971, 120
6977, 118
6979, 117
6986, 114
6988, 114
6996, 110
6998, 109
7005, 107
7008, 106
7011, 104
7019, 101
7024, 99
7028, 97
7030, 97
7037, 93
7039, 92
7047, 88
7054, 86
7057, 84
7060, 82
7062, 82
7065, 80
7069, 79
7072, 77
7077, 75
7081, 73
7086, 71
7092, 69
7098, 65
7100, 63
7105, 62
7110, 60
7114, 58
7118, 56
7124, 53
7127, 51
7129, 51
7134, 49
7137, 46
7141, 45
7144, 45
7150, 40
7157, 38
7166, 34
7171, 32
7176, 30
7178, 28
7183, 25
7186, 25
7192, 23
7195, 22
7200, 19
7203, 17
7207, 15
7215, 13
7217, 11
7224, 9
7227, 7
7229, 7
7235, 5
7237, 5
7240, 2
7244, 0
7252, -2
7284, -11
7286, -11
7289, -14
7292, -14
7296, -16
7299, -19
7303, -19
7307, -21
7309, -21
7312, -21
7316, -22
7324, -25
7327, -25
7330, -27
7332, -27
7336, -27
7342, -29
7347, -31
7349, -31
7354, -32
7364, -35
7366, -35
7368, -35
7373, -36
7376, -36
7379, -37
7383, -38
7390, -39
7394, -39
7396, -40
7398, -40
7406, -41
7408, -41
7413, -41
7416, -42
7422, -42
7425, -42
7429, -43
7435, -43
7438, -43
7440, -44
7445, -44
7448, -44
7451, -44
7455, -44
7459, -44
7466, -44
7467, -44
7470, -44
7475, -44
7479, -43
7484, -42
7490, -42
7492, -42
7496, -41
7502, -41
7506, -41
7511, -40
7514, -40
7519, -39
7522, -38
7528, -37
7530, -37
7537, -36
7539, -36
7546, -34
7548, -34
7551, -34
7557, -33
7560, -31
7563, -31
7572, -30
7581, -26
7583, -26
7587, -24
7590, -24
7592, -24
7598, -22
7609, -18
7611, -18
7616, -16
7618, -16
7625, -13
7628, -13
7634, -10
7636, -10
7641, -7
7644, -7
7650, -7
7652, -4
7657, -4
7660, 0
7664, 2
7702, 17
7708, 19
7710, 19
7714, 21
7717, 23
7722, 25
7725, 25
7729, 28
7731, 30
7735, 32
7742, 32
7750, 38
7754, 40
7758, 40
7761, 42
7764, 44
7769, 46
7776, 48
7778, 51
7784, 53
7787, 55
7793, 58
7796, 60
7799, 61
7802, 61
7806, 64
7810, 66
7815, 68
7818, 69
7825, 73
7829, 75
7837, 79
7839, 79
7842, 81
7845, 83
7851, 85
7854, 87
7861, 90
7865, 92
7872, 94
7876, 95
7879, 97
7882, 99
7887, 101
7890, 102
7898, 106
7900, 106
7907, 109
7911, 111
7918, 114
7921, 114
7925, 117
7927, 117
7930, 118
7946, 125
7948, 125
7951, 126
7956, 127
7959, 127
7964, 130
7971, 130
7978, 134
7982, 136
7990, 138
7993, 139
7997, 141
7999, 141
8002, 142
8007, 143
8009, 143
8017, 146
8025, 147
8027, 148
8038, 150
8041, 151
8049, 152
8052, 153
8054, 153
8058, 154
8061, 155
8065, 155
8068, 155
8074, 157
8079, 157
8091, 159
8092, 159
8097, 159
8101, 160
8108, 160
8112, 160
8121, 161
8124, 161
8127, 161
8130, 161
8132, 161
8139, 161
8146, 161
8148, 161
8150, 161
8154, 161
8157, 161
8161, 161
8163, 161
8167, 161
8174, 161
8176, 161
8178, 160
8184, 160
8187, 160
8191, 159
8194, 159
8199, 159
8207, 157
8209, 157
8214, 157
8219, 156
8222, 155
8227, 154
8229, 153
8237, 152
8239, 151
8243, 150
8246, 149
8249, 149
8252, 148
8257, 147
8262, 146
8267, 144
8269, 144
8275, 142
8277, 142
8285, 139
8289, 138
8291, 138
8297, 136
8298, 136
8303, 134
8307, 133
8317, 131
8319, 129
8324, 128
8327, 126
8329, 126
8342, 121
8345, 120
8353, 117
8358, 116
8368, 111
8379, 107
8386, 104
8388, 104
8396, 101
8401, 98
8405, 95
8408, 95
8411, 94
8416, 92
8419, 90
8427, 86
8431, 85
8436, 83
8444, 79
8446, 79
8453, 75
8457, 73
8460, 71
8466, 69
8471, 67
8477, 63
8481, 63
8483, 61
8488, 59
8490, 58
8492, 58
8498, 55
8505, 51
8507, 51
8511, 48
8513, 48
8528, 42
8532, 40
8538, 36
8544, 36
8548, 32
8550, 32
8554, 30
8557, 30
8562, 27
8567, 23
8571, 23
8574, 21
8579, 19
8586, 17
8602, 10
8606, 9
8612, 6
8618, 4
8620, 4
8627, -1
8657, -10
8660, -10
8662, -12
8666, -12
8668, -12
8670, -14
8675, -14
8680, -17
8682, -17
8686, -19
8689, -19
8691, -21
8698, -23
8700, -23
8702, -23
8708, -25
8710, -25
8720, -27
8728, -30
8734, -30
8737, -32
8742, -33
8745, -33
8751, -34
8757, -35
8759, -35
8765, -36
8767, -37
8779, -39
8783, -39
8790, -40
8796, -40
8800, -40
8807, -41
8814, -41
8817, -41
8821, -42
8827, -42
8830, -42
8835, -42
8838, -42
8842, -42
8846, -42
8851, -41
8854, -41
8858, -41
8860, -41
8875, -40
8884, -38
8886, -38
8890, -38
8892, -38
8896, -38
8905, -36
8907, -36
8911, -35
8916, -35
8919, -34
8922, -34
8931, -31
8936, -31
8943, -29
8946, -28
8949, -28
8956, -26
8959, -24
8961, -24
8967, -22
8968, -22
8970, -22
8977, -20
8987, -16
8991, -16
8992, -16
8999, -14
9004, -11
9006, -11
9014, -8
9019, -8
9021, -5
9025, -5
9034, -1
9038, 1
9068, 12
9076, 16
9077, 16
9084, 18
9088, 21
9092, 23
9097, 25
9098, 25
9104, 27
9108, 30
9111, 32
9113, 32
9120, 36
9127, 38
9130, 40
9132, 40
9142, 44
9146, 47
9151, 49
9158, 53
9160, 53
9162, 53
9168, 58
9179, 62
9181, 64
9191, 68
9196, 70
9198, 72
9206, 74
9208, 76
9215, 79
9225, 83
9227, 85
9230, 85
9233, 87
9236, 89
9242, 90
9247, 92
9250, 94
9254, 96
9257, 98
9261, 99
9269, 103
9274, 104
9281, 106
9284, 108
9287, 109
9290, 111
9296, 113
9301, 114
9307, 117
9315, 120
9320, 122
9326, 123
9328, 125
9338, 127
9345, 130
9347, 130
9350, 131
9355, 133
9359, 134
9366, 137
9374, 139
9378, 140
9382, 141
9385, 141
9388, 142
9396, 144
9401, 146
9407, 146
9409, 147
9414, 148
9419, 149
9424, 150
9427, 150
9430, 151
9437, 152
9440, 153
9447, 154
9452, 154
9465, 156
9472, 157
9479, 157
9489, 158
9497, 158
9499, 158
9504, 158
9507, 159
9510, 159
9512, 159
9519, 159
9526, 159
9531, 159
9537, 159
9545, 158
9549, 158
9552, 158
9556, 158
9558, 158
9560, 158
9570, 157
9580, 156
9582, 156
9587, 155
9590, 154
9601, 152
9604, 152
9615, 150
9618, 149
9620, 149
9626, 148
9628, 146
9636, 144
9639, 144
9642, 143
9650, 141
9658, 139
9660, 139
9662, 138
9667, 137
9672, 135
9676, 134
9681, 133
9684, 132
9690, 129
9706, 125
9712, 122
9717, 120
9723, 119
9730, 116
9733, 116
9737, 113
9743, 111
9746, 110
9755, 106
9758, 105
9762, 103
9767, 101
9769, 101
9772, 100
9783, 95
9792, 91
9800, 88
9804, 86
9810, 84
9812, 82
9819, 80
9827, 76
9829, 75
9837, 73
9839, 70
9844, 68
9849, 67
9854, 65
9865, 59
9868, 57
9870, 57
9872, 57
9879, 53
9881, 53
9886, 50
9889, 48
9894, 46
9898, 44
9907, 40
9914, 38
9917, 36
9921, 34
9924, 34
9931, 30
9933, 30
9937, 27
9944, 25
9949, 23
9954, 21
9962, 17
9965, 17
9970, 15
9978, 11
9984, 9
9988, 7
9991, 7
9997, 5
10000, 2
10006, 0
10014, -2
10042, -10
10047, -14
10054, -14
10056, -16
10062, -18
10067, -18
10075, -20
10079, -22
10084, -23
10087, -23
10089, -23
10095, -25
10100, -26
10107, -28
10112, -30
10117, -30
10119, -31
10124, -31
10127, -32
10134, -33
10138, -33
10142, -34
10152, -36
10156, -36
10164, -37
10166, -37
10170, -37
10173, -38
10180, -38
10182, -38
10187, -39
10190, -40
10197, -40
10201, -40
10203, -40
10207, -40
10216, -40
10223, -40
10226, -39
10236, -39
10240, -39
10242, -39
10247, -38
10253, -37
10257, -37
10260, -37
10268, -36
10277, -34
10282, -34
10286, -34
10288, -33
10291, -33
10296, -31
10302, -30
10305, -30
10317, -27
10320, -27
10327, -26
10329, -26
10332, -24
10339, -22
10341, -22
10347, -20
10350, -20
10356, -18
10364, -16
10368, -14
10372, -14
10385, -8
10388, -8
10390, -8
10397, -4
10399, -4
10404, -4
10407, -1
10411, 1
10448, 14
10450, 16
10457, 18
10459, 20
10464, 22
10466, 22
10471, 24
10474, 26
10479, 28
10486, 31
10488, 33
10490, 33
10497, 37
10499, 37
10507, 41
10509, 41
10515, 43
10517, 45
10522, 47
10527, 50
10531, 52
10534, 52
10538, 54
10547, 59
10552, 61
10559, 65
10566, 67
10571, 68
10575, 71
10579, 73
10586, 76
10595, 80
10598, 82
10602, 84
10606, 85
10610, 87
10612, 87
10618, 91
10620, 91
10630, 95
10634, 96
10640, 100
10647, 103
10649, 103
10657, 106
10659, 108
10665, 109
10667, 109
10676, 112
10678, 114
10685, 117
10688, 117
10696, 120
10698, 121
10706, 124
10708, 124
10714, 127
10717, 127
10725, 130
10732, 132
10736, 134
10739, 135
10741, 135
10747, 136
10750, 137
10755, 138
10758, 139
10766, 141
10770, 142
10772, 142
10782, 145
10787, 146
10792, 146
10796, 147
10803, 149
10810, 150
10817, 151
10820, 151
10827, 152
10833, 153
10836, 153
10844, 154
10847, 155
10849, 155
10855, 155
10857, 155
10861, 155
10871, 156
10874, 156
10878, 157
10881, 156
10887, 157
10895, 157
10904, 157
10907, 157
10910, 157
10917, 157
10925, 156
10930, 156
10933, 156
10937, 155
10942, 155
10947, 155
10950, 154
10960, 153
10964, 152
10969, 152
10971, 152
10979, 150
10985, 148
10988, 148
10995, 147
11004, 145
11008, 144
11012, 143
11015, 142
11019, 141
11021, 141
11027, 140
11032, 138
11036, 137
11042, 135
11047, 134
11050, 133
11060, 130
11065, 129
11068, 128
11070, 128
11078, 125
11083, 123
11086, 122
11091, 121
11097, 118
11102, 116
11106, 115
11118, 110
11121, 109
11126, 107
11128, 107
11137, 104
11139, 102
11142, 101
11146, 99
11154, 97
11161, 94
11168, 90
11170, 90
11180, 86
11189, 82
11194, 80
11201, 76
11207, 75
11210, 73
11217, 69
11220, 69
11225, 67
11227, 65
11231, 63
11237, 61
11240, 59
11249, 55
11256, 53
11258, 53
11267, 48
11270, 47
11276, 44
11278, 43
11285, 40
11292, 37
11297, 34
11300, 34
11307, 31
11308, 31
11314, 31
11318, 26
11321, 26
11327, 22
11329, 22
11335, 20
11338, 18
11344, 16
11348, 14
11350, 14
11357, 10
11359, 10
11366, 8
11372, 6
11376, 4
11383, 2
11389, 0
11391, 0
11395, 0
11398, -4
11436, -15
11439, -15
11444, -18
11446, -18
11448, -18
11455, -19
11459, -21
11466, -23
11468, -23
11470, -23
11475, -25
11480, -26
11490, -28
11492, -28
11495, -29
11502, -30
11507, -30
11515, -32
11517, -32
11520, -32
11524, -33
11526, -33
11532, -34
11541, -35
11546, -35
11548, -36
11550, -36
11556, -36
11561, -36
11569, -37
11571, -37
11577, -37
11585, -37
11595, -37
11598, -37
11604, -37
11610, -37
11617, -36
11619, -36
11627, -35
11628, -35
11630, -35
11636, -35
11638, -34
11649, -33
11651, -32
11656, -32
11659, -31
11664, -30
11667, -30
11670, -30
11676, -30
11685, -28
11687, -27
11691, -27
11699, -25
11706, -24
11708, -22
11710, -22
11716, -20
11722, -18
11726, -18
11729, -17
11732, -17
11738, -14
11745, -14
11749, -12
11757, -9
11759, -9
11765, -6
11768, -6
11770, -6
11776, -3
11782, 0
11786, 1
11815, 12
11823, 14
11826, 16
11829, 18
11831, 18
11838, 20
11840, 22
11848, 24
11850, 26
11855, 28
11857, 28
11860, 31
11869, 35
11871, 35
11875, 36
11879, 38
11887, 43
11889, 43
11893, 45
11897, 47
11903, 49
11907, 51
11913, 53
11918, 56
11925, 60
11932, 61
11936, 64
11941, 66
11945, 68
11949, 70
11957, 73
11958, 73
11966, 77
11968, 79
11971, 79
11975, 81
11982, 84
11991, 88
11995, 89
11998, 91
12004, 93
12011, 96
12021, 100
12025, 102
12028, 103
12030, 103
12036, 107
12038, 107
12044, 109
12046, 109
12057, 114
12060, 115
12065, 117
12067, 117
12074, 120
12082, 123
12086, 124
12096, 127
12099, 128
12103, 128
12109, 131
12111, 132
12117, 133
12121, 135
12123, 135
12130, 137
12135, 138
12137, 139
12143, 140
12155, 143
12161, 143
12165, 144
12173, 146
12176, 147
12178, 147
12186, 148
12193, 150
12196, 150
12202, 151
12206, 151
12209, 152
12212, 152
12222, 153
12229, 153
12236, 154
12239, 154
12242, 154
12246, 155
12251, 155
12255, 155
12258, 155
12266, 155
12268, 155
12276, 155
12284, 155
12287, 155
12290, 155
12302, 154
12308, 154
12310, 154
12318, 154
12321, 153
12327, 152
12331, 152
12337, 151
12340, 151
12346, 149
12350, 149
12356, 148
12362, 146
12365, 146
12369, 146
12372, 145
12378, 144
12396, 139
12399, 139
12408, 137
12414, 135
12418, 134
12422, 132
12429, 131
12436, 128
12438, 128
12441, 127
12446, 126
12450, 124
12454, 123
12463, 120
12467, 119
12469, 118
12471, 118
12476, 116
12485, 113
12495, 109
12498, 107
12502, 107
12507, 104
12510, 104
12527, 98
12529, 96
12537, 93
12540, 91
12542, 91
12547, 89
12556, 86
12559, 84
12566, 80
12575, 77
12578, 75
12580, 75
12585, 73
12587, 72
12595, 68
12598, 68
12606, 64
12608, 62
12614, 60
12623, 57
12626, 57
12630, 54
12642, 48
12649, 46
12652, 44
12657, 42
12659, 42
12665, 40
12667, 38
12675, 34
12677, 34
12683, 32
12686, 30
12692, 28
12697, 26
12700, 24
12705, 21
12707, 21
12717, 18
12720, 16
12724, 16
12728, 14
12734, 12
12739, 10
12741, 8
12746, 8
12752, 6
12759, 4
12768, 0
12777, -3
12806, -11
12809, -11
12811, -11
12817, -14
12820, -16
12824, -16
12827, -18
12831, -18
12833, -19
12837, -19
12840, -21
12849, -23
12852, -23
12856, -24
12865, -26
12875, -28
12877, -28
12885, -29
12889, -30
12891, -30
12894, -30
12897, -31
12905, -32
12914, -33
12919, -33
12921, -34
12926, -34
12928, -34
12935, -35
12941, -35
12955, -35
12957, -35
12961, -36
12967, -36
12971, -36
12978, -35
12981, -35
12986, -35
12988, -35
12999, -34
13004, -34
13007, -33
13011, -33
13014, -32
13023, -31
13028, -31
13034, -30
13037, -30
13049, -27
13051, -27
13056, -26
13058, -26
13066, -25
13071, -23
13075, -23
13078, -22
13085, -20
13094, -19
13100, -16
13104, -16
13111, -15
13120, -12
13125, -9
13130, -9
13135, -7
13138, -7
13140, -7
13147, -3
13150, -1
13157, 1
13191, 13
13194, 15
13197, 15
13198, 15
13202, 17
13204, 17
13207, 19
13210, 21
13212, 21
13214, 23
13220, 25
13227, 27
13230, 29
13235, 31
13237, 31
13247, 35
13249, 37
13255, 39
13261, 41
13265, 43
13271, 45
13274, 47
13280, 49
13291, 54
13298, 58
13301, 60
13306, 62
13308, 62
13310, 64
13317, 65
13325, 69
13329, 71
13332, 73
13336, 75
13339, 76
13341, 76
13348, 80
13358, 84
13364, 87
13367, 87
13370, 88
13374, 90
13379, 92
13382, 94
13391, 97
13395, 98
13398, 100
13410, 105
13412, 105
13417, 107
13419, 108
13427, 111
13431, 113
13435, 114
13442, 116
13450, 118
13460, 122
13464, 124
13470, 125
13472, 125
13477, 128
13482, 129
13487, 130
13490, 131
13495, 132
13501, 134
13506, 135
13512, 136
13516, 138
13533, 141
13538, 142
13542, 143
13547, 144
13550, 145
13560, 146
13569, 148
13574, 148
13577, 149
13579, 149
13591, 150
13599, 151
13602, 151
13607, 152
13612, 152
13617, 152
13627, 153
13636, 153
13638, 153
13640, 153
13661, 153
13664, 153
13671, 153
13676, 153
13685, 152
13687, 152
13691, 152
13695, 151
13702, 151
13711, 150
13715, 149
13722, 149
13728, 147
13741, 145
13752, 143
13756, 142
13762, 140
13767, 139
13769, 139
13776, 137
13783, 135
13795, 132
13797, 132
13804, 129
13811, 128
13817, 125
13821, 124
13825, 123
13831, 122
13836, 121
13840, 119
13845, 117
13852, 115
13855, 113
13862, 111
13868, 109
13875, 106
13878, 106
13882, 105
13885, 103
13890, 102
13892, 100
13898, 98
13906, 95
13908, 93
13914, 93
13927, 87
13930, 85
13934, 84
13944, 80
13951, 76
13959, 73
13984, 64
13996, 58
14001, 56
14008, 52
14011, 52
14015, 50
14019, 48
14023, 46
14028, 44
14036, 42
14038, 40
14045, 36
14051, 34
14056, 33
14060, 31
14064, 31
14068, 28
14072, 27
14080, 23
14082, 23
14087, 21
14091, 18
14099, 17
14102, 15
14106, 13
14109, 13
14116, 9
14126, 7
14131, 5
14133, 5
14142, 1
14151, -1
14191, -14
